date,actual,lr_pred,rf_pred
2026-04-15,198.1190948486328,160.55947221708905,191.4097235107422
2026-04-16,201.44520568847656,169.74252673916152,194.23402389526368
2026-04-17,201.82476806640625,165.034926441893,192.79820587158204
2026-04-20,199.64732360839844,172.36036508929465,196.03597885131836
2026-04-21,202.26426696777344,174.40648894234795,195.363876953125
2026-04-22,199.4075927734375,174.48598219860784,193.31728576660157
2026-04-23,208.0275421142578,173.4015961361756,195.0942248535156
2026-04-24,216.3578338623047,155.40735021111888,194.73130157470703
2026-04-27,212.92184448242188,160.231336651078,195.18233932495116
2026-04-28,209.00640869140625,161.4653339241442,195.40321075439454
2026-04-29,199.33767700195312,171.585578690677,195.0023358154297
2026-04-30,198.21897888183594,153.4205018831607,194.22768447875976
2026-05-01,198.24893188476562,170.70258270082152,191.68046524047853
2026-05-04,196.271240234375,171.2892368488064,191.59367599487305
2026-05-05,207.5880584716797,173.4293642058848,191.05877197265625
2026-05-06,211.2537841796875,160.01835269372557,192.64330032348633
2026-05-07,214.94947814941406,163.60653478907201,195.73169570922852
2026-05-08,219.18453979492188,169.311602796555,196.31478912353515
2026-05-11,220.52297973632812,164.97026548575784,196.374600982666
2026-05-12,225.56710815429688,165.2402884935172,196.2679296875
2026-05-13,235.465576171875,166.80961383519033,196.07327590942384
2026-05-14,225.05770874023438,161.37453305187228,195.42813552856444
2026-05-15,222.0612030029297,161.33969772215497,194.13380020141602
2026-05-18,220.35317993164062,167.54756102277526,194.2251902770996
2026-05-19,223.20985412597656,168.5016769076641,194.4631916809082
2026-05-20,219.25445556640625,160.76286617099382,195.16303588867189
2026-05-21,215.07933044433594,157.33118362831527,195.67324615478515
2026-05-22,214.60987854003906,163.43337797294328,195.32868225097656
2026-05-26,212.35250854492188,160.22593332823948,196.10510986328126
2026-05-27,214.00057983398438,163.7329761219564,195.2168263244629
2026-05-28,210.8942108154297,167.95637070368267,195.5110925292969
2026-05-29,224.09881591796875,141.93908494698726,194.25134094238283
2026-06-01,222.56060791015625,155.63702721553514,195.78797576904296
2026-06-02,214.5,159.1237449273012,195.6148373413086
2026-06-03,218.66000366210938,164.93068882970678,192.9972529602051
2026-06-04,205.10000610351562,163.4787336795862,193.7069108581543
2026-06-05,208.63999938964844,154.4195261797584,192.62422714233398
2026-06-08,208.19000244140625,168.96246226028728,193.10706314086914
2026-06-09,200.4199981689453,161.34239938357481,193.07248428344727
2026-06-10,204.8699951171875,164.78046929795747,192.786728515625
2026-06-11,205.19000244140625,165.33572334134277,192.79588516235353
2026-06-12,212.4499969482422,173.68070817706254,192.7848629760742
2026-06-15,207.41000366210938,166.89347269003687,195.03814865112304
2026-06-16,204.64999389648438,171.23090958898143,193.25963439941407
2026-06-17,210.69000244140625,170.75330594671354,192.75496002197266
2026-06-18,208.64999389648438,150.55194577476536,195.27490173339845
2026-06-22,200.0399932861328,171.88444327599436,192.88510925292968
2026-06-23,199.0,166.2566141582875,192.60505111694337
2026-06-24,195.74000549316406,166.55818040502507,191.8603451538086
2026-06-25,192.52999877929688,166.9626602709402,189.87075866699217
2026-06-26,194.97000122070312,161.6391169531899,187.99495895385743
2026-06-29,200.08999633789062,167.09046138042888,188.6009812927246
2026-06-30,197.5800018310547,163.9341693847564,189.79249923706055
2026-07-01,194.8300018310547,167.57141078882742,192.45849151611327
2026-07-02,195.5500030517578,168.30119931675353,187.8234049987793
2026-07-06,196.92999267578125,174.21796307216846,188.4159619140625
2026-07-07,204.1199951171875,171.50635381137783,188.1072508239746
2026-07-08,202.77999877929688,167.34391658370876,191.94902862548827
2026-07-09,210.9600067138672,170.0959791986304,193.53031021118164
2026-07-10,203.52999877929688,167.1646586646308,196.03091339111327
2026-07-13,211.8000030517578,171.9972331673864,192.81510681152344
2026-07-14,212.5,171.46609726702113,196.13505859375
2026-07-15,207.39999389648438,171.39138112069253,194.52497146606444
2026-07-16,202.80999755859375,171.71541946508154,194.54351516723634
2026-07-17,203.27999877929688,167.90521805464948,194.2589717102051
2026-07-20,207.2899932861328,177.8495506682342,194.95480148315428
2026-07-21,212.05999755859375,174.27403596551264,194.6488134765625
2026-07-22,208.75999450683594,169.09257141165153,195.29422119140625
2026-07-23,206.83999633789062,173.94845892653956,194.62281448364257
2026-07-24,196.50999450683594,173.17347571814702,194.78141967773436
2026-07-27,197.00999450683594,166.1031919947881,193.77408309936524
2026-07-28,190.00999450683594,169.72488542683766,189.1220245361328
2026-07-29,195.0399932861328,167.2970937496718,187.08340591430664
2026-07-30,200.75,170.63759969232703,190.30860000610352
2026-07-31,206.63999938964844,168.6782689489105,191.8629121398926
2026-08-03,211.94000244140625,170.74554090659953,194.35234237670898
2026-08-04,219.22000122070312,169.57987240815868,195.04003356933595
2026-08-05,218.99000549316406,165.41727415431276,196.35387649536133
2026-08-06,223.9600067138672,173.3338220072759,195.57352569580078
2026-08-07,217.5500030517578,174.8136883614859,195.8738623046875
2026-08-10,217.5,172.99280434706833,195.42346755981444
2026-08-11,224.08999633789062,175.60026545465485,195.89775756835937
2026-08-12,225.3000030517578,174.2565020039724,196.29492309570313
2026-08-13,225.16000366210938,176.0307242105303,196.06959030151367
2026-08-14,225.00999450683594,180.1791700525607,195.53729034423827
2026-08-17,219.74000549316406,176.95904012343516,195.45369735717773
2026-08-18,217.55999755859375,175.26835471937085,194.86042083740233
2026-08-19,216.85000610351562,176.40106652683073,195.04888442993163
2026-08-20,214.72000122070312,177.1776242134024,195.5018359375
2026-08-21,208.47999572753906,176.0303484827831,194.7027145385742
2026-08-24,213.0500030517578,169.53240546941498,193.2439422607422
2026-08-25,209.66000366210938,171.83656482590575,194.02342636108398
2026-08-26,227.97999572753906,161.53249973193402,193.1955012512207
2026-08-27,217.5500030517578,140.23950731956884,196.30618774414063
2026-08-28,220.77999877929688,158.81001225826824,194.1329196166992
2026-08-31,217.44000244140625,171.40828886932533,194.86626083374023
2026-09-01,224.41000366210938,174.08248638155925,192.38312683105468
2026-09-02,228.4499969482422,165.61098864576908,195.40328170776368
2026-09-03,230.36000061035156,169.62288428933596,195.12881942749024
2026-09-04,225.72999572753906,169.5028661117557,195.25984878540038
2026-09-08,223.6699981689453,171.71908728357133,194.79399337768555
